{
  "parent": "item/wooden_sword",
  "display": {
    "thirdperson_righthand": {
      "rotation": [40, -40, 90],
      "translation": [-3, 2.5, 2.5],
      "scale": [0.85, 0.85, 0.85]
    },
    "thirdperson_lefthand": {
      "rotation": [40, -40, 0],
      "translation": [-3, 2.5, 2.5],
      "scale": [0.85, 0.85, 0.85]
    },
    "firstperson_righthand": {
      "rotation": [-20, -2, 102],
      "translation": [-6.75, 1.75, 0.5],
      "scale": [0.68, 0.68, 0.68]
    },
    "firstperson_lefthand": {
      "rotation": [-20, -2, 12],
      "translation": [-6.75, 1.75, 0.5],
      "scale": [0.68, 0.68, 0.68]
    }
  }
}