{
  "parent": "builtin/entity",
  "gui_light": "front",
  "textures": {
    "particle": "block/dark_oak_planks"
  },
  "display": {
    "thirdperson_righthand": {
      "rotation": [
        0,
        90,
        0
      ],
      "translation": [
        10,
        6,
        -4
      ],
      "scale": [
        1,
        1,
        1
      ]
    },
    "thirdperson_lefthand": {
      "rotation": [
        0,
        90,
        0
      ],
      "translation": [
        10,
        6,
        12
      ],
      "scale": [
        1,
        1,
        1
      ]
    },
    "firstperson_righthand": {
      "rotation": [
        0,
        180,
        5
      ],
      "translation": [
        -10,
        2,
        -10
      ],
      "scale": [
        1.25,
        1.25,
        1.25
      ]
    },
    "firstperson_lefthand": {
      "rotation": [
        0,
        180,
        5
      ],
      "translation": [
        10,
        0,
        -10
      ],
      "scale": [
        1.25,
        1.25,
        1.25
      ]
    },
    "gui": {
      "rotation": [
        15,
        -25,
        -5
      ],
      "translation": [
        2,
        3,
        0
      ],
      "scale": [
        0.65,
        0.65,
        0.65
      ]
    },
    "fixed": {
      "rotation": [
        0,
        180,
        0
      ],
      "translation": [
        -4.5,
        4.5,
        -5
      ],
      "scale": [
        0.55,
        0.55,
        0.55
      ]
    },
    "ground": {
      "rotation": [
        0,
        0,
        0
      ],
      "translation": [
        2,
        4,
        2
      ],
      "scale": [
        0.25,
        0.25,
        0.25
      ]
    }
  },
  "overrides": [
    {
      "predicate": {
        "blocking": 1
      },
      "model": "item/shield_blocking"
    },
    {
      "model": "not_a_sword:item/wooden_sword",
      "predicate": {
        "custom_model_data": 2
      }
    },
    {
      "predicate": {
        "blocking": 1,
        "custom_model_data": 2
      },
      "model": "not_a_sword:item/wooden_sword_blocking"
    },
    {
      "model": "not_a_sword:item/golden_sword",
      "predicate": {
        "custom_model_data": 3
      }
    },
    {
      "predicate": {
        "blocking": 1,
        "custom_model_data": 3
      },
      "model": "not_a_sword:item/golden_sword_blocking"
    },
    {
      "model": "not_a_sword:item/stone_sword",
      "predicate": {
        "custom_model_data": 4
      }
    },
    {
      "predicate": {
        "blocking": 1,
        "custom_model_data": 4
      },
      "model": "not_a_sword:item/stone_sword_blocking"
    },
    {
      "model": "not_a_sword:item/iron_sword",
      "predicate": {
        "custom_model_data": 5
      }
    },
    {
      "predicate": {
        "blocking": 1,
        "custom_model_data": 5
      },
      "model": "not_a_sword:item/iron_sword_blocking"
    },
    {
      "model": "not_a_sword:item/diamond_sword",
      "predicate": {
        "custom_model_data": 6
      }
    },
    {
      "predicate": {
        "blocking": 1,
        "custom_model_data": 6
      },
      "model": "not_a_sword:item/diamond_sword_blocking"
    },
    {
      "model": "not_a_sword:item/netherite_sword",
      "predicate": {
        "custom_model_data": 7
      }
    },
    {
      "predicate": {
        "blocking": 1,
        "custom_model_data": 7
      },
      "model": "not_a_sword:item/netherite_sword_blocking"
    }
  ]
}